"family","species","num_obs"
"Hesperiidae","Achlyodes thraso",49
"Hesperiidae","Aguna asander",1
"Hesperiidae","Ancyloxypha arene",24
"Hesperiidae","Ancyloxypha numitor",5
"Hesperiidae","Atalopedes campestris",4
"Hesperiidae","Atrytonopsis ovinia",1
"Hesperiidae","Atrytonopsis vierecki",2
"Hesperiidae","Burnsius albezens",305
"Hesperiidae","Burnsius communis",7
"Hesperiidae","Burnsius philetas",54
"Hesperiidae","Calpodes ethlius",70
"Hesperiidae","Celotes nessus",48
"Hesperiidae","Chioides catillus",347
"Hesperiidae","Chioides zilpa",2
"Hesperiidae","Chiothion georgina",30
"Hesperiidae","Cogia hippalus",2
"Hesperiidae","Copaeodes minima",1
"Hesperiidae","Epargyreus clarus",1
"Hesperiidae","Erynnis afranius",1
"Hesperiidae","Erynnis brizo",3
"Hesperiidae","Erynnis funeralis",852
"Hesperiidae","Erynnis horatius",394
"Hesperiidae","Erynnis juvenalis",24
"Hesperiidae","Erynnis propertius",1
"Hesperiidae","Erynnis telemachus",2
"Hesperiidae","Erynnis tristis",333
"Hesperiidae","Euphyes vestris",143
"Hesperiidae","Grais stigmaticus",10
"Hesperiidae","Heliopetes ericetorum",171
"Hesperiidae","Heliopetes laviana",25
"Hesperiidae","Heliopetes macaira",4
"Hesperiidae","Heliopyrgus domicella",3
"Hesperiidae","Hesperia juba",1
"Hesperiidae","Hesperia pahaska",2
"Hesperiidae","Hesperia viridis",2
"Hesperiidae","Hylephila phyleus",5243
"Hesperiidae","Lerema accius",471
"Hesperiidae","Lerodea arabus",11
"Hesperiidae","Lerodea eufala",756
"Hesperiidae","Lon melane",1623
"Hesperiidae","Lon taxiles",3
"Hesperiidae","Mastor aenus",1
"Hesperiidae","Mastor celia",131
"Hesperiidae","Mastor eos",1
"Hesperiidae","Mastor nysa",59
"Hesperiidae","Mastor tolteca",1
"Hesperiidae","Mastor vialis",1
"Hesperiidae","Megathymus streckeri",2
"Hesperiidae","Nastra julia",16
"Hesperiidae","Oarisma aurantiaca",122
"Hesperiidae","Oarisma minima",116
"Hesperiidae","Ochlodes agricola",52
"Hesperiidae","Ochlodes sylvanoides",408
"Hesperiidae","Panoquina errans",135
"Hesperiidae","Panoquina ocola",71
"Hesperiidae","Pholisora catullus",74
"Hesperiidae","Polites otho",26
"Hesperiidae","Polites sabuleti",54
"Hesperiidae","Polites vibex",73
"Hesperiidae","Pyrgus centaureae",1
"Hesperiidae","Pyrgus communis",14
"Hesperiidae","Pyrgus oileus",27
"Hesperiidae","Pyrgus scriptura",13
"Hesperiidae","Staphylus ceos",11
"Hesperiidae","Staphylus mazans",17
"Hesperiidae","Systasea pulverulenta",113
"Hesperiidae","Systasea zampa",29
"Hesperiidae","Thorybes pylades",46
"Hesperiidae","Timochares ruptifasciata",1
"Hesperiidae","Turesis lucas",8
"Hesperiidae","Urbanus dorantes",61
"Hesperiidae","Urbanus proteus",45
"Hesperiidae","Zestusa dorus",3
"Lycaenidae","Atlides halesus",248
"Lycaenidae","Brephidium exilis",1357
"Lycaenidae","Callicista columella",323
"Lycaenidae","Callophrys dumetorum",129
"Lycaenidae","Calycopis isobeon",43
"Lycaenidae","Celastrina ladon",74
"Lycaenidae","Chlorostrymon simaethis",5
"Lycaenidae","Echinargus isola",920
"Lycaenidae","Elkalyce amyntula",128
"Lycaenidae","Elkalyce comyntas",7
"Lycaenidae","Emesis rawsoni",3
"Lycaenidae","Euphilotes allyni",35
"Lycaenidae","Euphilotes battoides",1
"Lycaenidae","Euphilotes rita",1
"Lycaenidae","Fixsenia favonius",37
"Lycaenidae","Glaucopsyche lygdamus",223
"Lycaenidae","Hemiargus ceraunus",828
"Lycaenidae","Icaricia acmon",340
"Lycaenidae","Icaricia icarioides",2
"Lycaenidae","Icaricia lupini",20
"Lycaenidae","Incisalia henrici",72
"Lycaenidae","Incisalia irioides",71
"Lycaenidae","Leptotes cassius",75
"Lycaenidae","Leptotes marina",2744
"Lycaenidae","Lycaeides melissa",1
"Lycaenidae","Lycaena cyna",4
"Lycaenidae","Ministrymon leda",61
"Lycaenidae","Mitoura gryneus",282
"Lycaenidae","Mitoura siva",6
"Lycaenidae","Mitoura spinetorum",1
"Lycaenidae","Phaeostrymon alcestis",4
"Lycaenidae","Philotes bernardino",259
"Lycaenidae","Plebejus acmon",5
"Lycaenidae","Plebejus lupini",2
"Lycaenidae","Sandia mcfarlandi",47
"Lycaenidae","Satyrium calanus",6
"Lycaenidae","Strymon acadica",3
"Lycaenidae","Strymon alea",4
"Lycaenidae","Strymon melinus",3100
"Lycaenidae","Strymon saepium",51
"Lycaenidae","Strymon sylvinus",2
"Lycaenidae","Tharsalea arota",1
"Lycaenidae","Tharsalea xanthoides",1
"Lycaenidae","Thecla dryope",1
"Lycaenidae","Thecla iroides",6
"Lycaenidae","Thecla pudica",8
"Lycaenidae","Thecla tetra",17
"Nymphalidae","Anaea aidea",11
"Nymphalidae","Anaea andria",122
"Nymphalidae","Anartia jatrophae",26
"Nymphalidae","Anthanassa texana",456
"Nymphalidae","Asterocampa celtis",409
"Nymphalidae","Asterocampa clyton",782
"Nymphalidae","Asterocampa leilia",339
"Nymphalidae","Cercyonis pegala",1
"Nymphalidae","Chlosyne acastus",1
"Nymphalidae","Chlosyne californica",34
"Nymphalidae","Chlosyne gabbii",56
"Nymphalidae","Chlosyne janais",69
"Nymphalidae","Chlosyne lacinia",1229
"Nymphalidae","Chlosyne nycteis",4
"Nymphalidae","Cissia rubricata",11
"Nymphalidae","Coenonympha california",133
"Nymphalidae","Coenonympha tullia",2
"Nymphalidae","Cyllopsis pertepida",3
"Nymphalidae","Danaus eresimus",24
"Nymphalidae","Danaus gilippus",3548
"Nymphalidae","Danaus plexippus",8915
"Nymphalidae","Dione moneta",1
"Nymphalidae","Dione vanillae",5241
"Nymphalidae","Dryas iulia",18
"Nymphalidae","Dymasia dymas",29
"Nymphalidae","Eresia aveyrona",7
"Nymphalidae","Euptoieta claudia",1038
"Nymphalidae","Euptoieta hegesia",28
"Nymphalidae","Euptychia cymela",127
"Nymphalidae","Gyrocheilus patrobas",1
"Nymphalidae","Heliconius charithonia",26
"Nymphalidae","Junonia coenia",956
"Nymphalidae","Junonia grisea",862
"Nymphalidae","Junonia nigrosuffusa",6
"Nymphalidae","Junonia stemosa",3
"Nymphalidae","Libytheana carinenta",1355
"Nymphalidae","Limenitis archippus",202
"Nymphalidae","Limenitis arthemis",4
"Nymphalidae","Limenitis astyanax",17
"Nymphalidae","Limenitis bredowii",321
"Nymphalidae","Limenitis fessonia",2
"Nymphalidae","Limenitis lorquini",805
"Nymphalidae","Limenitis weidemeyerii",1
"Nymphalidae","Marpesia petreus",6
"Nymphalidae","Mestra amymone",265
"Nymphalidae","Microtia dymas",1
"Nymphalidae","Microtia elva",2
"Nymphalidae","Nymphalis antiopa",3265
"Nymphalidae","Nymphalis californica",20
"Nymphalidae","Occidryas chalcedona",200
"Nymphalidae","Phyciodes phaon",396
"Nymphalidae","Phyciodes tharos",207
"Nymphalidae","Phyciodes vesta",594
"Nymphalidae","Poladryas minuta",1
"Nymphalidae","Polygonia gracilis",1
"Nymphalidae","Polygonia interrogationis",400
"Nymphalidae","Polygonia satyrus",15
"Nymphalidae","Speyeria callippe",40
"Nymphalidae","Texola elada",127
"Nymphalidae","Thessalia leanira",2
"Nymphalidae","Thessalia theona",81
"Nymphalidae","Vanessa annabella",1000
"Nymphalidae","Vanessa atalanta",2666
"Nymphalidae","Vanessa cardui",2856
"Nymphalidae","Vanessa virginiensis",850
"Papilionidae","Battus philenor",1815
"Papilionidae","Battus polydamas",2
"Papilionidae","Heraclides pallas",1
"Papilionidae","Papilio anchisiades",1
"Papilionidae","Papilio cresphontes",6
"Papilionidae","Papilio eurymedon",288
"Papilionidae","Papilio glaucus",340
"Papilionidae","Papilio multicaudata",485
"Papilionidae","Papilio palamedes",1
"Papilionidae","Papilio polyxenes",741
"Papilionidae","Papilio rumiko",2160
"Papilionidae","Papilio rutulus",1362
"Papilionidae","Papilio troilus",1
"Papilionidae","Papilio zelicaon",1190
"Papilionidae","Parnassius clodius",1
"Papilionidae","Pterourus eurymedon",2
"Papilionidae","Pterourus glaucus",2
"Papilionidae","Pterourus rutulus",61
"Pieridae","Abaeis nicippe",1144
"Pieridae","Anteos clorinde",8
"Pieridae","Anteos maerula",2
"Pieridae","Anthocharis cethura",16
"Pieridae","Anthocharis midea",25
"Pieridae","Anthocharis sara",382
"Pieridae","Anthocharis thoosa",4
"Pieridae","Aphrissa statira",9
"Pieridae","Ascia monuste",36
"Pieridae","Colias eurytheme",884
"Pieridae","Colias harfordii",4
"Pieridae","Colias philodice",24
"Pieridae","Euchloe lotta",4
"Pieridae","Eurema boisduvaliana",1
"Pieridae","Eurema lisa",556
"Pieridae","Eurema mexicana",70
"Pieridae","Ganyra josephina",4
"Pieridae","Glutophrissa drusilla",4
"Pieridae","Kricogonia lyside",477
"Pieridae","Nathalis iole",930
"Pieridae","Phoebis agarithe",327
"Pieridae","Phoebis marcellina",12
"Pieridae","Phoebis philea",1
"Pieridae","Phoebis sennae",838
"Pieridae","Pieris rapae",2662
"Pieridae","Pontia beckerii",4
"Pieridae","Pontia occidentalis",2
"Pieridae","Pontia protodice",1997
"Pieridae","Pontia sisymbrii",3
"Pieridae","Pyrisitia lisa",1
"Pieridae","Pyrisitia nise",18
"Pieridae","Pyrisitia proterpia",34
"Pieridae","Zerene cesonia",549
"Pieridae","Zerene eurydice",13
